ID,Country,Region,Type,Link
1,Australia,Country,PSD Newsletter,www.energy.gov.au
2,Australia,Country,PSD Newsletter,www.minister.industry.gov.au
3,Australia,Country,PSD Newsletter,reneweconomy.com.au
4,Australia,Country,PSD Newsletter,www.abc.net.au
5,Australia,Country,PSD Newsletter,www.reuters.com
6,Australia,Country,PSD Newsletter,www.liberal.org.au
7,Australia,Country,PSD Newsletter,www.aer.gov.au
8,Australia,Country,PSD Newsletter,www.aemc.gov.au
9,Australia,Country,PSD Newsletter,www.environment.nsw.gov.au
10,Australia,Country,PSD Newsletter,www.cefc.com.au
11,Australia,Country,PSD Newsletter,www.bbc.com
12,Australia,Country,PSD Newsletter,new-energy-guide.aemc.gov.au
13,Australia,Country,PSD Newsletter,arena.gov.au
14,Australia,Country,PSD Newsletter,www.theguardian.com
15,Australia,Country,PSD Newsletter,mission-innovation.net
16,Australia,Country,PSD Newsletter,assets.cleanenergycouncil.org.au
17,Australia,Country,PSD Newsletter,www.rechargenews.com
18,Australia,Country,PSD Newsletter,victorianbigbattery.com.au
19,Australia,Country,PSD Newsletter,www.dcceew.gov.au
20,Australia,Country,PSD Newsletter,www.energymagazine.com.au
21,Australia,Country,PSD Newsletter,asianrehub.com
22,Australia,Country,PSD Newsletter,www.energy.vic.gov.au
23,Australia,Country,PSD Newsletter,www.bloomberg.com
24,Australia,Country,PSD Newsletter,www.xinhuanet.com
25,Australia,Country,PSD Newsletter,budget.gov.au
26,Australia,Country,PSD Newsletter,statements.qld.gov.au
27,Australia,Country,PSD Newsletter,on.ft.com
28,Australia,Country,PSD Newsletter,www.aph.gov.au
29,Australia,Country,PSD Newsletter,www.dfat.gov.au
30,Australia,Country,PSD Newsletter,www.climatechange.vic.gov.au
31,Australia,Country,PSD Newsletter,www.industry.gov.au
32,Australia,Country,PSD Newsletter,edition.cnn.com
33,Australia,Country,PSD Newsletter,ministers.treasury.gov.au
34,Australia,Country,PSD Newsletter,www.nasdaq.com
35,Australia,Country,PSD Newsletter,reneweconomy-com-au.cdn.ampproject.org
36,Australia,Country,PSD Newsletter,www.koreaherald.com
37,Australia,Country,PSD Newsletter,www.argusmedia.com
38,Australia,Country,PSD Newsletter,www.bluefloat.com
39,Australia,Country,PSD Newsletter,explore.mission-innovation.net
40,Australia,Country,PSD Newsletter,www.smh.com.au
41,Australia,Country,PSD Newsletter,www.aemo.com.au
42,Australia,Country,PSD Newsletter,www.alp.org.au
43,Australia,Country,PSD Newsletter,aemo.com.au
44,Austria,Country,PSD Newsletter,infothek.bmk.gv.at
45,Austria,Country,PSD Newsletter,www.ft.com
46,Austria,Country,PSD Newsletter,www.bmf.gv.at
47,Austria,Country,PSD Newsletter,mission-innovation.net
48,Austria,Country,PSD Newsletter,www.heute.at
49,Austria,Country,PSD Newsletter,www.ots.at
50,Austria,Country,PSD Newsletter,mecdd.gouvernement.lu
51,Austria,Country,PSD Newsletter,explore.mission-innovation.net
52,Austria,Country,PSD Newsletter,www.euractiv.com
53,Austria,Country,PSD Newsletter,www.bundeskanzleramt.gv.at
54,Belgium,Country,PSD Newsletter,www.tinnevanderstraeten.be
55,Belgium,Country,PSD Newsletter,www.vie-publique.fr
56,Belgium,Country,PSD Newsletter,www.premier.be
57,Belgium,Country,PSD Newsletter,afcn.fgov.be
58,Belgium,Country,PSD Newsletter,news.belgium.be
59,Belgium,Country,PSD Newsletter,www.brusselstimes.com
60,Belgium,Country,PSD Newsletter,www.spglobal.com
61,Belgium,Country,PSD Newsletter,www.belgium.be
62,Belgium,Country,PSD Newsletter,www.lesechos.fr
63,Belgium,Country,PSD Newsletter,mobilit.belgium.be
64,Belgium,Country,PSD Newsletter,ijglobal.com
65,Belgium,Country,PSD Newsletter,www.reuters.com
66,Belgium,Country,PSD Newsletter,www.plan.be
67,Belgium,Country,PSD Newsletter,biofuels-news.com
68,Belgium,Country,PSD Newsletter,www.lefigaro.fr
69,Belgium,Country,PSD Newsletter,www.muscatdaily.com
70,Belgium,Country,PSD Newsletter,www.neste.com
71,Belgium,Country,PSD Newsletter,oge.net
72,Belgium,Country,PSD Newsletter,www.euronews.com
73,Belgium,Country,PSD Newsletter,www.zawya.com
74,Belgium,Country,PSD Newsletter,www.rtbf.be
75,Belgium,Country,PSD Newsletter,economie.fgov.be
76,Belgium,Country,PSD Newsletter,energia.gob.cl
77,Belgium,Country,PSD Newsletter,news.economie.fgov.be
78,Belgium,Country,PSD Newsletter,brusselstimes.com
79,Belgium,Country,PSD Newsletter,tem.fi
80,Belgium,Country,PSD Newsletter,www.schmack-biogas.it
81,Belgium,Country,PSD Newsletter,www.montelnews.com
82,Belgium,Country,PSD Newsletter,ec.europa.eu
83,Belgium,Country,PSD Newsletter,www.health.belgium.be
84,Belgium,Country,PSD Newsletter,www.gasum.com
85,Belgium,Country,PSD Newsletter,www.world-nuclear-news.org
86,Belgium,Country,PSD Newsletter,www.eib.org
87,Belgium,Country,PSD Newsletter,www.elia.be
88,Belgium,Country,PSD Newsletter,www.neimagazine.com
89,Belgium,Country,PSD Newsletter,www.leparisien.fr
90,Belgium,Country,PSD Newsletter,aster.vlaanderen
91,Belgium,Country,PSD Newsletter,www.gov.uk
92,Belgium,Country,PSD Newsletter,www.euractiv.com
93,Belgium,Country,PSD Newsletter,_European_Union:_
94,Belgium,Country,PSD Newsletter,www.7sur7.be
95,Belgium,Country,PSD Newsletter,totalenergies.com
96,Belgium,Country,PSD Newsletter,www.lecho.be
97,Belgium,Country,PSD Newsletter,www.mef.gov.it
98,Belgium,Country,PSD Newsletter,www.vrt.be
99,Belgium,Country,PSD Newsletter,horizon238.org
100,Canada,Country,PSD Newsletter,www.bloomberg.com
101,Canada,Country,PSD Newsletter,www.canada.ca
102,Canada,Country,PSD Newsletter,caodc.ca
103,Canada,Country,PSD Newsletter,www.iheartradio.ca
104,Canada,Country,PSD Newsletter,www.lemonde.fr
105,Canada,Country,PSD Newsletter,www.reuters.com
106,Canada,Country,PSD Newsletter,www.wsj.com
107,Canada,Country,PSD Newsletter,montreal.ctvnews.ca
108,Canada,Country,PSD Newsletter,english.motie.go.kr
109,Canada,Country,PSD Newsletter,pm.gc.ca
110,Chile,Country,PSD Newsletter,energia.gob.cl
111,Chile,Country,PSD Newsletter,www.mtt.gob.cl
112,Chile,Country,PSD Newsletter,renewablesnow.com
113,Chile,Country,PSD Newsletter,www.energias-renovables.com
114,Chile,Country,PSD Newsletter,sp.yna.co.kr
115,Chile,Country,PSD Newsletter,mma.gob.cl
116,Chile,Country,PSD Newsletter,www.h2gn.cl
117,Chile,Country,PSD Newsletter,www.aeschile.com
118,Chile,Country,PSD Newsletter,www.bnamericas.com
119,Chile,Country,PSD Newsletter,www.arctechsolar.us
120,Chile,Country,PSD Newsletter,hacienda.cl
121,Chile,Country,PSD Newsletter,www.latercera.com
122,Chile,Country,PSD Newsletter,www.cne.cl
123,Chile,Country,PSD Newsletter,www.carey.cl
124,Chile,Country,PSD Newsletter,www.corfo.cl
125,Chile,Country,PSD Newsletter,chilereports.cl
126,Chile,Country,PSD Newsletter,eigpartners.com
127,Chile,Country,PSD Newsletter,www.bloomberg.com
128,Chile,Country,PSD Newsletter,www.dw.com
129,Chile,Country,PSD Newsletter,www.enel.cl
130,Chile,Country,PSD Newsletter,www.diariooficial.interior.gob.cl
131,Chile,Country,PSD Newsletter,www.senado.cl
132,Chile,Country,PSD Newsletter,elpais.com
133,Chile,Country,PSD Newsletter,www.gob.cl
134,Colombia,Country,PSD Newsletter,www.minenergia.gov.co
135,Colombia,Country,PSD Newsletter,renewablesnow.com
136,Colombia,Country,PSD Newsletter,www.koreaherald.com
137,Colombia,Country,PSD Newsletter,energiahoy.com
138,Colombia,Country,PSD Newsletter,carbon-pulse.com
139,Colombia,Country,PSD Newsletter,idm.presidencia.gov.co
140,Colombia,Country,PSD Newsletter,www1.upme.gov.co
141,Colombia,Country,PSD Newsletter,www.minambiente.gov.co
142,Colombia,Country,PSD Newsletter,minenergia.gov.co
143,Colombia,Country,PSD Newsletter,www.arabianbusiness.com
144,Colombia,Country,PSD Newsletter,elpais.com
145,Colombia,Country,PSD Newsletter,soltecpowerholdings.com
146,Colombia,Country,PSD Newsletter,www.financecolombia.com
147,Colombia,Country,PSD Newsletter,portal.fdn.com.co
148,Colombia,Country,PSD Newsletter,www.reuters.com
149,Colombia,Country,PSD Newsletter,dapre.presidencia.gov.co
150,Colombia,Country,PSD Newsletter,www.mintransporte.gov.co
151,Colombia,Country,PSD Newsletter,gustavopetro.co
152,Colombia,Country,PSD Newsletter,www.stabroeknews.com
153,Colombia,Country,PSD Newsletter,news.un.org
154,Colombia,Country,PSD Newsletter,www.larepublica.co
155,Colombia,Country,PSD Newsletter,www.anh.gov.co
156,Colombia,Country,PSD Newsletter,www.mining.com
157,Czech Republic,Country,PSD Newsletter,www.mpo.cz
158,Czech Republic,Country,PSD Newsletter,www.cez.cz
159,Czech Republic,Country,PSD Newsletter,www.seznamzpravy.cz
160,Czech Republic,Country,PSD Newsletter,opzp.cz
161,Czech Republic,Country,PSD Newsletter,www.euractiv.com
162,Czech Republic,Country,PSD Newsletter,www.mzp.cz
163,Czech Republic,Country,PSD Newsletter,www.mdcr.cz
164,Czech Republic,Country,PSD Newsletter,abcnews.go.com
165,Czech Republic,Country,PSD Newsletter,www.reuters.com
166,Czech Republic,Country,PSD Newsletter,energy.economictimes.indiatimes.com
167,Czech Republic,Country,PSD Newsletter,www.dw.com
168,Czech Republic,Country,PSD Newsletter,public.psp.cz
169,Czech Republic,Country,PSD Newsletter,www.bmwk.de
170,Czech Republic,Country,PSD Newsletter,beyond-coal.eu
171,Czech Republic,Country,PSD Newsletter,ec.europa.eu
172,Czech Republic,Country,PSD Newsletter,hungarytoday.hu
173,Czech Republic,Country,PSD Newsletter,praguemorning.cz
174,Czech Republic,Country,PSD Newsletter,www.iaea.org
175,Czech Republic,Country,PSD Newsletter,www.smart-energy.com
176,Czech Republic,Country,PSD Newsletter,www.bloomberg.com
177,Czech Republic,Country,PSD Newsletter,modernisationfund.eu
178,Czech Republic,Country,PSD Newsletter,2i6s43k2be4nmdvkc6upxf4y5a-ac5fdsxevxq4s5y-www-mkcr-cz.translate.goog
179,Czech Republic,Country,PSD Newsletter,www.world-nuclear-news.org
180,Czech Republic,Country,PSD Newsletter,www.globaltimes.cn
181,Czech Republic,Country,PSD Newsletter,www.bioenergy-news.com
182,Czech Republic,Country,PSD Newsletter,world-nuclear-news.org
183,Czech Republic,Country,PSD Newsletter,ieefa.org
184,Czech Republic,Country,PSD Newsletter,lngprime.com
185,Czech Republic,Country,PSD Newsletter,www.politico.eu
186,Czech Republic,Country,PSD Newsletter,www.ft.com
187,Czech Republic,Country,PSD Newsletter,czech-presidency.consilium.europa.eu
188,Czech Republic,Country,PSD Newsletter,www.eib.org
189,Czech Republic,Country,PSD Newsletter,www.nasdaq.com
190,Czech Republic,Country,PSD Newsletter,www.orlen.pl
191,Denmark,Country,PSD Newsletter,orsted.com
192,Denmark,Country,PSD Newsletter,em.dk
193,Denmark,Country,PSD Newsletter,ens.dk
194,Denmark,Country,PSD Newsletter,stateofgreen.com
195,Denmark,Country,PSD Newsletter,www.eudp.dk
196,Denmark,Country,PSD Newsletter,www.reuters.com
197,Denmark,Country,PSD Newsletter,ec.europa.eu
198,Denmark,Country,PSD Newsletter,www.eib.org
199,Denmark,Country,PSD Newsletter,renewablesnow.com
200,Denmark,Country,PSD Newsletter,www.renewablesnow.com
201,Denmark,Country,PSD Newsletter,fm.dk
202,Denmark,Country,PSD Newsletter,moit.gov.vn
203,Denmark,Country,PSD Newsletter,kefm.dk
204,Denmark,Country,PSD Newsletter,www.euractiv.com
205,Denmark,Country,PSD Newsletter,www.trm.dk
206,Denmark,Country,PSD Newsletter,www.ure.gov.pl
207,Denmark,Country,PSD Newsletter,www.dtu.dk
208,Denmark,Country,PSD Newsletter,news.cision.com
209,Denmark,Country,PSD Newsletter,www.offshorewind.biz
210,Denmark,Country,PSD Newsletter,www.themayor.eu
211,Denmark,Country,PSD Newsletter,usercontent.one
212,Denmark,Country,PSD Newsletter,www.independent.co.uk
213,Denmark,Country,PSD Newsletter,energywatch.com
214,Denmark,Country,PSD Newsletter,www.process-worldwide.com
215,Denmark,Country,PSD Newsletter,cphpost.dk
216,Denmark,Country,PSD Newsletter,www.globaldata.com
217,Denmark,Country,PSD Newsletter,www.spglobal.com
218,Denmark,Country,PSD Newsletter,europeanenergy.com
219,Denmark,Country,PSD Newsletter,www.upstreamonline.com
220,Denmark,Country,PSD Newsletter,on.ft.com
221,Denmark,Country,PSD Newsletter,www.auswaertiges-amt.de
222,Denmark,Country,PSD Newsletter,www.baltic-pipe.eu
223,Denmark,Country,PSD Newsletter,www.bnnbloomberg.ca
224,Denmark,Country,PSD Newsletter,www.tresor.economie.gouv.fr
225,Denmark,Country,PSD Newsletter,m.dk
226,Denmark,Country,PSD Newsletter,www.dw.com
227,Denmark,Country,PSD Newsletter,www.globenewswire.com
228,Denmark,Country,PSD Newsletter,www.ft.com
229,Denmark,Country,PSD Newsletter,greenfiscalpolicy.org
230,Denmark,Country,PSD Newsletter,www.theguardian.com
231,Estonia,Country,PSD Newsletter,mkm.ee
232,Estonia,Country,PSD Newsletter,www.fin.ee
233,Estonia,Country,PSD Newsletter,www.baltictimes.com
234,Estonia,Country,PSD Newsletter,_European_Union:_
235,Estonia,Country,PSD Newsletter,www.energylivenews.com
236,Estonia,Country,PSD Newsletter,news.err.ee
237,Estonia,Country,PSD Newsletter,www.mkm.ee
238,Estonia,Country,PSD Newsletter,tuuleenergia.ee
239,Estonia,Country,PSD Newsletter,www.world-nuclear-news.org
240,Estonia,Country,PSD Newsletter,europeanenergy.com
241,Estonia,Country,PSD Newsletter,ec.europa.eu
242,Estonia,Country,PSD Newsletter,bnn-news.com
243,Estonia,Country,PSD Newsletter,www.smart-energy.com
244,Estonia,Country,PSD Newsletter,www.envir.ee
245,Estonia,Country,PSD Newsletter,www.euractiv.com
246,Estonia,Country,PSD Newsletter,www.teliacompany.com
247,Estonia,Country,PSD Newsletter,renewablesnow.com
248,European Union,Country,PSD Newsletter,ec.europa.eu
249,European Union,Country,PSD Newsletter,www.europarl.europa.eu
250,European Union,Country,PSD Newsletter,www.eib.org
251,European Union,Country,PSD Newsletter,on.ft.com
252,European Union,Country,PSD Newsletter,www.bloomberg.com
253,European Union,Country,PSD Newsletter,www.reuters.com
254,European Union,Country,PSD Newsletter,presidence-francaise.consilium.europa.eu
255,European Union,Country,PSD Newsletter,www.consilium.europa.eu
256,European Union,Country,PSD Newsletter,www.euractiv.com
257,European Union,Country,PSD Newsletter,renewablesnow.com
258,European Union,Country,PSD Newsletter,cinea.ec.europa.eu
259,European Union,Country,PSD Newsletter,eur-lex.europa.eu
260,European Union,Country,PSD Newsletter,euobserver.com
261,European Union,Country,PSD Newsletter,www.nucnet.org
262,European Union,Country,PSD Newsletter,www.ecb.europa.eu
263,European Union,Country,PSD Newsletter,www.ft.com
264,European Union,Country,PSD Newsletter,financialpost.com
265,European Union,Country,PSD Newsletter,www.euronews.com
266,European Union,Country,PSD Newsletter,policy.trade.ec.europa.eu
267,European Union,Country,PSD Newsletter,www.politico.eu
268,European Union,Country,PSD Newsletter,www.regjeringen.no
269,European Union,Country,PSD Newsletter,think.ing.com
270,European Union,Country,PSD Newsletter,www.eba.europa.eu
271,European Union,Country,PSD Newsletter,www.economist.com
272,European Union,Country,PSD Newsletter,globalhappenings.com
273,European Union,Country,PSD Newsletter,www.bnnbloomberg.ca
274,European Union,Country,PSD Newsletter,www.cleansky.eu
275,European Union,Country,PSD Newsletter,renews.biz
276,European Union,Country,PSD Newsletter,www.ansa.it
277,European Union,Country,PSD Newsletter,brusselsmorning.com
278,European Union,Country,PSD Newsletter,tem.fi
279,European Union,Country,PSD Newsletter,www.theguardian.com
280,European Union,Country,PSD Newsletter,www.destination2050.eu
281,European Union,Country,PSD Newsletter,energy.ec.europa.eu
282,European Union,Country,PSD Newsletter,www.news.cn
283,European Union,Country,PSD Newsletter,ccfe.ukaea.uk
284,European Union,Country,PSD Newsletter,www.laprensalatina.com
285,European Union,Country,PSD Newsletter,www.unesda.eu
286,European Union,Country,PSD Newsletter,ecostandard.org
287,European Union,Country,PSD Newsletter,ampvideo.bnnbloomberg.ca
288,European Union,Country,PSD Newsletter,media.ford.com
289,Finland,Country,PSD Newsletter,tem.fi
290,Finland,Country,PSD Newsletter,ym.fi
291,Finland,Country,PSD Newsletter,yle.fi
292,Finland,Country,PSD Newsletter,www.euractiv.com
293,Finland,Country,PSD Newsletter,ec.europa.eu
294,Finland,Country,PSD Newsletter,www.reuters.com
295,Finland,Country,PSD Newsletter,vm.fi
296,Finland,Country,PSD Newsletter,www.eib.org
297,Finland,Country,PSD Newsletter,www.mef.gov.it
298,Finland,Country,PSD Newsletter,www.helsinkitimes.fi
299,France,Country,PSD Newsletter,investir.lesechos.fr
300,France,Country,PSD Newsletter,www.lemonde.fr
301,France,Country,PSD Newsletter,www.ecologie.gouv.fr
302,France,Country,PSD Newsletter,www.ouest-france.fr
303,France,Country,PSD Newsletter,lenergeek.com
304,France,Country,PSD Newsletter,biofuels-news.com
305,France,Country,PSD Newsletter,www.euractiv.com
306,France,Country,PSD Newsletter,www.lci.fr
307,France,Country,PSD Newsletter,www.france24.com
308,France,Country,PSD Newsletter,www.vie-publique.fr
309,France,Country,PSD Newsletter,www.nytimes.com
310,France,Country,PSD Newsletter,www.bangkokpost.com
311,France,Country,PSD Newsletter,www.senat.fr
312,France,Country,PSD Newsletter,www.bbc.com
313,France,Country,PSD Newsletter,www.asn.fr
314,France,Country,PSD Newsletter,www.gouvernement.fr
315,France,Country,PSD Newsletter,www.service-public.fr
316,France,Country,PSD Newsletter,www.offshorewind.biz
317,France,Country,PSD Newsletter,www.bloomberg.com
318,France,Country,PSD Newsletter,www.tresor.economie.gouv.fr
319,France,Country,PSD Newsletter,www.entreprises.gouv.fr
320,France,Country,PSD Newsletter,www.thetimes.co.uk
321,France,Country,PSD Newsletter,www.afhypac.org
322,France,Country,PSD Newsletter,www.primealaconversion.gouv.fr
323,France,Country,PSD Newsletter,presse.economie.gouv.fr
324,France,Country,PSD Newsletter,www.linkedin.com
325,France,Country,PSD Newsletter,www.bpifrance.fr
326,France,Country,PSD Newsletter,
327,France,Country,PSD Newsletter,www.la-croix.com
328,France,Country,PSD Newsletter,www.lesechos.fr
329,France,Country,PSD Newsletter,france3-regions.francetvinfo.fr
330,France,Country,PSD Newsletter,www.montelnews.com
331,France,Country,PSD Newsletter,www.lefigaro.fr
332,France,Country,PSD Newsletter,www.businessgreen.com
333,France,Country,PSD Newsletter,presse.bpifrance.fr
334,France,Country,PSD Newsletter,ec.europa.eu
335,France,Country,PSD Newsletter,www.francetvinfo.fr
336,France,Country,PSD Newsletter,www.elysee.fr
337,France,Country,PSD Newsletter,www.reuters.com
338,France,Country,PSD Newsletter,www.rte-france.com
339,France,Country,PSD Newsletter,www.eib.org
340,France,Country,PSD Newsletter,financialpost.com
341,France,Country,PSD Newsletter,www.mpo.cz
342,France,Country,PSD Newsletter,www.sciencesetavenir.fr
343,France,Country,PSD Newsletter,www.total.com
344,France,Country,PSD Newsletter,www.hautconseilclimat.fr
345,France,Country,PSD Newsletter,totalenergies.com
346,France,Country,PSD Newsletter,on.ft.com
347,France,Country,PSD Newsletter,www.politico.eu
348,France,Country,PSD Newsletter,www.euronews.com
349,France,Country,PSD Newsletter,www.energy-storage.news
350,France,Country,PSD Newsletter,www.orano.group
351,France,Country,PSD Newsletter,ampvideo.bnnbloomberg.ca
352,France,Country,PSD Newsletter,paris.tribunal-administratif.fr
353,France,Country,PSD Newsletter,www.sfen.org
354,France,Country,PSD Newsletter,avecvous.fr
355,Germany,Country,PSD Newsletter,www.bloomberg.com
356,Germany,Country,PSD Newsletter,www.dw.com
357,Germany,Country,PSD Newsletter,www.bmwk.de
358,Germany,Country,PSD Newsletter,www.nytimes.com
359,Germany,Country,PSD Newsletter,www.bmwi.de
360,Germany,Country,PSD Newsletter,www.reuters.com
361,Germany,Country,PSD Newsletter,www.bloombergquint.com
362,Germany,Country,PSD Newsletter,www.euronews.com
363,Germany,Country,PSD Newsletter,edition.cnn.com
364,Germany,Country,PSD Newsletter,www.bmu.de
365,Germany,Country,PSD Newsletter,www.bmuv.de
366,Germany,Country,PSD Newsletter,www.bmwi-energiewende.de
367,Germany,Country,PSD Newsletter,www.shell.com
368,Germany,Country,PSD Newsletter,www.euractiv.com
369,Germany,Country,PSD Newsletter,www.tresor.economie.gouv.fr
370,Germany,Country,PSD Newsletter,ec.europa.eu
371,Germany,Country,PSD Newsletter,www.bundesfinanzministerium.de
372,Germany,Country,PSD Newsletter,energia.gob.cl
373,Germany,Country,PSD Newsletter,www.beehive.govt.nz
374,Germany,Country,PSD Newsletter,www.energytrend.com
375,Germany,Country,PSD Newsletter,www.zeit.de
376,Germany,Country,PSD Newsletter,www.kfw-ipex-bank.de
377,Germany,Country,PSD Newsletter,www.zfk.de
378,Germany,Country,PSD Newsletter,www.ft.com
379,Germany,Country,PSD Newsletter,www.spglobal.com
380,Germany,Country,PSD Newsletter,www.hh2e.de
381,Germany,Country,PSD Newsletter,www.cleanenergywire.org
382,Germany,Country,PSD Newsletter,on.ft.com
383,Germany,Country,PSD Newsletter,www.bundesregierung.de
384,Germany,Country,PSD Newsletter,www.bmvi.de
385,Germany,Country,PSD Newsletter,www.sueddeutsche.de
386,Germany,Country,PSD Newsletter,www.cleanthinking.de
387,Germany,Country,PSD Newsletter,www.montelnews.com
388,Germany,Country,PSD Newsletter,www.cnbc.com
389,Germany,Country,PSD Newsletter,www.auswaertiges-amt.de
390,Germany,Country,PSD Newsletter,www.blackridgeresearch.com
391,Germany,Country,PSD Newsletter,infothek.bmk.gv.at
392,Germany,Country,PSD Newsletter,www.rfi.fr
393,Germany,Country,PSD Newsletter,www.eib.org
394,Germany,Country,PSD Newsletter,www.pv-magazine.com
395,Germany,Country,PSD Newsletter,www.politico.eu
396,Germany,Country,PSD Newsletter,www.theguardian.com
397,Germany,Country,PSD Newsletter,www.benelux.int
398,Germany,Country,PSD Newsletter,www.german-energy-solutions.de
399,Germany,Country,PSD Newsletter,financialpost.com
400,Germany,Country,PSD Newsletter,euobserver.com
401,Germany,Country,PSD Newsletter,www.argusmedia.com
402,Germany,Country,PSD Newsletter,www.bafin.de
403,Greece,Country,PSD Newsletter,ypen.gov.gr
404,Greece,Country,PSD Newsletter,www.ekathimerini.com
405,Greece,Country,PSD Newsletter,www.mindev.gov.gr
406,Greece,Country,PSD Newsletter,www.reuters.com
407,Greece,Country,PSD Newsletter,hlektra.gov.gr
408,Greece,Country,PSD Newsletter,ec.europa.eu
409,Greece,Country,PSD Newsletter,www.pipeline-journal.net
410,Greece,Country,PSD Newsletter,www.bloomberg.com
411,Hungary,Country,PSD Newsletter,abouthungary.hu
412,Hungary,Country,PSD Newsletter,hungarytoday.hu
413,Hungary,Country,PSD Newsletter,bbj.hu
414,Hungary,Country,PSD Newsletter,www.reuters.com
415,Hungary,Country,PSD Newsletter,renewablesnow.com
416,Hungary,Country,PSD Newsletter,www.china.org.cn
417,Hungary,Country,PSD Newsletter,molgroup.info
418,Hungary,Country,PSD Newsletter,ec.europa.eu
419,Hungary,Country,PSD Newsletter,seenews.com
420,Hungary,Country,PSD Newsletter,www.seetao.com
421,Hungary,Country,PSD Newsletter,kormany.hu
422,Ireland,Country,PSD Newsletter,www.gov.ie
423,Ireland,Country,PSD Newsletter,www.irishexaminer.com
424,Ireland,Country,PSD Newsletter,www.gasnetworks.ie
425,Ireland,Country,PSD Newsletter,renewablesnow.com
426,Ireland,Country,PSD Newsletter,www.independent.ie
427,Ireland,Country,PSD Newsletter,www.euractiv.com
428,Ireland,Country,PSD Newsletter,esb.ie
429,Ireland,Country,PSD Newsletter,www.irishtimes.com
430,Ireland,Country,PSD Newsletter,www.fastcompany.com
431,Ireland,Country,PSD Newsletter,www.breakingnews.ie
432,Ireland,Country,PSD Newsletter,www.climatecouncil.ie
433,Ireland,Country,PSD Newsletter,electricenergyonline.com
434,Ireland,Country,PSD Newsletter,renews.biz
435,Ireland,Country,PSD Newsletter,www.icis.com
436,Ireland,Country,PSD Newsletter,www.thejournal.ie
437,Ireland,Country,PSD Newsletter,cbwmagazine.com
438,Ireland,Country,PSD Newsletter,www.thetimes.co.uk
439,Ireland,Country,PSD Newsletter,www.rte.ie
440,Ireland,Country,PSD Newsletter,www.current-news.co.uk
441,Ireland,Country,PSD Newsletter,www.renewableenergymagazine.com
442,Ireland,Country,PSD Newsletter,www.meathchronicle.ie
443,Ireland,Country,PSD Newsletter,www.energylivenews.com
444,Ireland,Country,PSD Newsletter,reneweconomy.com.au
445,Ireland,Country,PSD Newsletter,www.energyglobal.com
446,Ireland,Country,PSD Newsletter,www.offshorewind.biz
447,Israel,Country,PSD Newsletter,www.gov.il
448,Israel,Country,PSD Newsletter,www.upi.com
449,Israel,Country,PSD Newsletter,www.timesofisrael.com
450,Israel,Country,PSD Newsletter,www.reuters.com
451,Israel,Country,PSD Newsletter,www.jpost.com
452,Israel,Country,PSD Newsletter,www.businessinsider.in
453,Israel,Country,PSD Newsletter,www.cyprusprofile.com
454,Israel,Country,PSD Newsletter,www.dw.com
455,Israel,Country,PSD Newsletter,www.energy.gov
456,Israel,Country,PSD Newsletter,greenfiscalpolicy.org
457,Israel,Country,PSD Newsletter,www.nasdaq.com
458,Israel,Country,PSD Newsletter,www.nytimes.com
459,Israel,Country,PSD Newsletter,www.washingtonpost.com
460,Israel,Country,PSD Newsletter,www.wsj.com
461,Israel,Country,PSD Newsletter,www.euractiv.com
462,Israel,Country,PSD Newsletter,www.eib.org
463,Israel,Country,PSD Newsletter,www.ekathimerini.com
464,Israel,Country,PSD Newsletter,www.energylivenews.com
465,Israel,Country,PSD Newsletter,www.bbc.com
466,Italy,Country,PSD Newsletter,on.ft.com
467,Italy,Country,PSD Newsletter,www.mise.gov.it
468,Italy,Country,PSD Newsletter,renexia.it
469,Italy,Country,PSD Newsletter,www.rainews.it
470,Italy,Country,PSD Newsletter,www.ilsole24ore.com
471,Italy,Country,PSD Newsletter,www.eib.org
472,Italy,Country,PSD Newsletter,www.minambiente.it
473,Italy,Country,PSD Newsletter,www.milanofinanza.it
474,Italy,Country,PSD Newsletter,www.mite.gov.it
475,Italy,Country,PSD Newsletter,www.mit.gov.it
476,Italy,Country,PSD Newsletter,www.gazzettaufficiale.it
477,Italy,Country,PSD Newsletter,www.reuters.com
478,Italy,Country,PSD Newsletter,www.mef.gov.it
479,Italy,Country,PSD Newsletter,www.ft.com
480,Italy,Country,PSD Newsletter,amp.ft.com
481,Italy,Country,PSD Newsletter,www.euronews.com
482,Italy,Country,PSD Newsletter,www.ansa.it
483,Italy,Country,PSD Newsletter,www.governo.it
484,Italy,Country,PSD Newsletter,www.repubblica.it
485,Italy,Country,PSD Newsletter,va.minambiente.it
486,Italy,Country,PSD Newsletter,www.snam.it
487,Italy,Country,PSD Newsletter,www.g20.org
488,Italy,Country,PSD Newsletter,ec.europa.eu
489,Italy,Country,PSD Newsletter,www.eni.com
490,Italy,Country,PSD Newsletter,www.ilpost.it
491,Italy,Country,PSD Newsletter,www.rechargenews.com
492,Italy,Country,PSD Newsletter,finanza.repubblica.it
493,Italy,Country,PSD Newsletter,www.enelx.com
494,Italy,Country,PSD Newsletter,tg24.sky.it
495,Italy,Country,PSD Newsletter,www.affaritaliani.it
496,Italy,Country,PSD Newsletter,www.bloomberg.com
497,Italy,Country,PSD Newsletter,www.confapi.padova.it
498,Italy,Country,PSD Newsletter,www.confindustria.it
499,Italy,Country,PSD Newsletter,corporate.enel.it
500,Italy,Country,PSD Newsletter,www.iea.org
501,Italy,Country,PSD Newsletter,www.arera.it
502,Italy,Country,PSD Newsletter,www.enelgreenpower.com
503,Italy,Country,PSD Newsletter,group.intesasanpaolo.com
504,Italy,Country,PSD Newsletter,www.borsaitaliana.it
505,Italy,Country,PSD Newsletter,www.offshorewind.biz
506,Italy,Country,PSD Newsletter,www.rinnovabili.it
507,Italy,Country,PSD Newsletter,www.ingeteam.com
508,Italy,Country,PSD Newsletter,www.politico.eu
509,Italy,Country,PSD Newsletter,tem.fi
510,Italy,Country,PSD Newsletter,www.cdp.it
511,Japan,Country,PSD Newsletter,www.ihi.co.jp
512,Japan,Country,PSD Newsletter,www.meti.go.jp
513,Japan,Country,PSD Newsletter,www.reuters.com
514,Japan,Country,PSD Newsletter,www.japantimes.co.jp
515,Japan,Country,PSD Newsletter,www.env.go.jp
516,Japan,Country,PSD Newsletter,viewer.factiva.com
517,Japan,Country,PSD Newsletter,edition.cnn.com
518,Japan,Country,PSD Newsletter,www.heco-hojo.jp
519,Japan,Country,PSD Newsletter,www.eib.org
520,Japan,Country,PSD Newsletter,asia.nikkei.com
521,Japan,Country,PSD Newsletter,www.ft.com
522,Japan,Country,PSD Newsletter,www5.cao.go.jp
523,Japan,Country,PSD Newsletter,www.washingtonpost.com
524,Japan,Country,PSD Newsletter,japan.kantei.go.jp
525,Japan,Country,PSD Newsletter,renews.biz
526,Japan,Country,PSD Newsletter,www.mixonline.jp
527,Japan,Country,PSD Newsletter,www.bnnbloomberg.ca
528,Japan,Country,PSD Newsletter,www.kantei.go.jp
529,Japan,Country,PSD Newsletter,www.maritime-executive.com
530,Japan,Country,PSD Newsletter,www.argusmedia.com
531,Korea,Country,PSD Newsletter,english.motie.go.kr
532,Korea,Country,PSD Newsletter,www.energydaily.co.kr
533,Korea,Country,PSD Newsletter,www.motie.go.kr
534,Korea,Country,PSD Newsletter,english.moef.go.kr
535,Korea,Country,PSD Newsletter,en.yna.co.kr
536,Korea,Country,PSD Newsletter,www.moef.go.kr
537,Korea,Country,PSD Newsletter,koreabizwire.com
538,Korea,Country,PSD Newsletter,www.energy-news.co.kr
539,Korea,Country,PSD Newsletter,me.go.kr
540,Korea,Country,PSD Newsletter,on.ft.com
541,Korea,Country,PSD Newsletter,www.reuters.com
542,Korea,Country,PSD Newsletter,eng.me.go.kr
543,Korea,Country,PSD Newsletter,www.ekn.kr
544,Korea,Country,PSD Newsletter,www.argusmedia.com
545,Korea,Country,PSD Newsletter,aju.news
546,Korea,Country,PSD Newsletter,www.energykorea.co.kr
547,Korea,Country,PSD Newsletter,www.molit.go.kr
548,Korea,Country,PSD Newsletter,www.koreaherald.com
549,Korea,Country,PSD Newsletter,20insu.go.kr
550,Korea,Country,PSD Newsletter,www.korea.kr
551,Korea,Country,PSD Newsletter,www.koreatimes.co.kr
552,Korea,Country,PSD Newsletter,www.spglobal.com
553,Korea,Country,PSD Newsletter,m.molit.go.kr
554,Lithuania,Country,PSD Newsletter,www.iea.org
555,Lithuania,Country,PSD Newsletter,am.lrv.lt
556,Lithuania,Country,PSD Newsletter,enmin.lrv.lt
557,Lithuania,Country,PSD Newsletter,www.reuters.com
558,Lithuania,Country,PSD Newsletter,www.energy-storage.news
559,Lithuania,Country,PSD Newsletter,finmin.lrv.lt
560,Lithuania,Country,PSD Newsletter,www.rfi.fr
561,Lithuania,Country,PSD Newsletter,www.eib.org
562,Lithuania,Country,PSD Newsletter,ec.europa.eu
563,Lithuania,Country,PSD Newsletter,www.deepl.com
564,Lithuania,Country,PSD Newsletter,www.neimagazine.com
565,Lithuania,Country,PSD Newsletter,www.smart-energy.com
566,Lithuania,Country,PSD Newsletter,www.power-technology.com
567,Lithuania,Country,PSD Newsletter,www.baltictimes.com
568,Lithuania,Country,PSD Newsletter,www.euractiv.com
569,Lithuania,Country,PSD Newsletter,www.archyworldys.com
570,Lithuania,Country,PSD Newsletter,global.factiva.com
571,Lithuania,Country,PSD Newsletter,viewer.factiva.com
572,Lithuania,Country,PSD Newsletter,m.marketscreener.com
573,Lithuania,Country,PSD Newsletter,eimin.lrv.lt
574,Lithuania,Country,PSD Newsletter,bnn-news.com
575,Lithuania,Country,PSD Newsletter,news.err.ee
576,Lithuania,Country,PSD Newsletter,www.offshorewind.biz
577,Luxembourg,Country,PSD Newsletter,mecdd.gouvernement.lu
578,Luxembourg,Country,PSD Newsletter,mea.gouvernement.lu
579,Luxembourg,Country,PSD Newsletter,infothek.bmk.gv.at
580,Mexico,Country,PSD Newsletter,www.gob.mx
581,Mexico,Country,PSD Newsletter,www.forbes.com.mx
582,Mexico,Country,PSD Newsletter,apnews.com
583,Mexico,Country,PSD Newsletter,www.elsoldehermosillo.com.mx
584,Mexico,Country,PSD Newsletter,www.milenio.com
585,Mexico,Country,PSD Newsletter,www.bnamericas.com
586,Mexico,Country,PSD Newsletter,www.reuters.com
587,Mexico,Country,PSD Newsletter,www.wsj.com
588,Mexico,Country,PSD Newsletter,www.ft.com
589,Mexico,Country,PSD Newsletter,www.24-horas.mx
590,Mexico,Country,PSD Newsletter,elpais.com
591,Mexico,Country,PSD Newsletter,www.sempra.com
592,Mexico,Country,PSD Newsletter,renewablesnow.com
593,Mexico,Country,PSD Newsletter,www.penmediainc.com
594,Mexico,Country,PSD Newsletter,www.bloomberg.com
595,Mexico,Country,PSD Newsletter,www.eleconomista.com.mx
596,Mexico,Country,PSD Newsletter,www.energiaadebate.com
597,Mexico,Country,PSD Newsletter,app.cfe.mx
598,Mexico,Country,PSD Newsletter,mexicobusiness.news
599,Mexico,Country,PSD Newsletter,www.elsoldemexico.com.mx
600,Mexico,Country,PSD Newsletter,www.elfinanciero.com.mx
601,Mexico,Country,PSD Newsletter,on.ft.com
602,Mexico,Country,PSD Newsletter,www.rigzone.com
603,Mexico,Country,PSD Newsletter,www.sdpnoticias.com
604,Mexico,Country,PSD Newsletter,www.nadb.org
605,Mexico,Country,PSD Newsletter,www.theguardian.com
606,Mexico,Country,PSD Newsletter,www.wartsila.com
607,Mexico,Country,PSD Newsletter,www.oilandgasmagazine.com.mx
608,Mexico,Country,PSD Newsletter,www.nytimes.com
609,Mexico,Country,PSD Newsletter,energynow.ca
610,Mexico,Country,PSD Newsletter,www.bloomberglinea.com
611,Mexico,Country,PSD Newsletter,origin-www.milenio.com
612,Netherlands,Country,PSD Newsletter,www.rijksoverheid.nl
613,Netherlands,Country,PSD Newsletter,www.rwe.com
614,Netherlands,Country,PSD Newsletter,www.offshorewind.biz
615,Netherlands,Country,PSD Newsletter,www.pv-magazine.com
616,Netherlands,Country,PSD Newsletter,www.telegraaf.nl
617,Netherlands,Country,PSD Newsletter,www.shell.com
618,Netherlands,Country,PSD Newsletter,_European_Union:_
619,Netherlands,Country,PSD Newsletter,www.reuters.com
620,Netherlands,Country,PSD Newsletter,www.government.nl
621,Netherlands,Country,PSD Newsletter,splash247.com
622,Netherlands,Country,PSD Newsletter,www.tresor.economie.gouv.fr
623,Netherlands,Country,PSD Newsletter,hydrogen-central.com
624,Netherlands,Country,PSD Newsletter,financialpost.com
625,Netherlands,Country,PSD Newsletter,www.bnamericas.com
626,Netherlands,Country,PSD Newsletter,www.rvo.nl
627,Netherlands,Country,PSD Newsletter,abcnews.go.com
628,Netherlands,Country,PSD Newsletter,www.rechargenews.com
629,Netherlands,Country,PSD Newsletter,on.ft.com
630,Netherlands,Country,PSD Newsletter,www.politico.eu
631,Netherlands,Country,PSD Newsletter,renewablesnow.com
632,Netherlands,Country,PSD Newsletter,www.naturalgasworld.com
633,Netherlands,Country,PSD Newsletter,kefm.dk
634,Netherlands,Country,PSD Newsletter,www.volkskrant.nl
635,Netherlands,Country,PSD Newsletter,www.dutchnews.nl
636,Netherlands,Country,PSD Newsletter,www.ft.com
637,Netherlands,Country,PSD Newsletter,nltimes.nl
638,Netherlands,Country,PSD Newsletter,ec.europa.eu
639,Netherlands,Country,PSD Newsletter,www.bnnbloomberg.ca
640,Netherlands,Country,PSD Newsletter,www.hellenicshippingnews.com
641,Netherlands,Country,PSD Newsletter,www.euractiv.com
642,Netherlands,Country,PSD Newsletter,www.eenews.net
643,Netherlands,Country,PSD Newsletter,www.climatechangenews.com
644,Netherlands,Country,PSD Newsletter,www.theguardian.com
645,Netherlands,Country,PSD Newsletter,news.klm.com
646,New Zealand,Country,PSD Newsletter,www.beehive.govt.nz
647,New Zealand,Country,PSD Newsletter,www.scoop.co.nz
648,New Zealand,Country,PSD Newsletter,www.mfe.govt.nz
649,New Zealand,Country,PSD Newsletter,www.nzherald.co.nz
650,New Zealand,Country,PSD Newsletter,www.electrive.com
651,New Zealand,Country,PSD Newsletter,environment.govt.nz
652,New Zealand,Country,PSD Newsletter,renewablesnow.com
653,Norway,Country,PSD Newsletter,www.regjeringen.no
654,Norway,Country,PSD Newsletter,www.energy-storage.news
655,Norway,Country,PSD Newsletter,on.ft.com
656,Norway,Country,PSD Newsletter,renewablesnow.com
657,Norway,Country,PSD Newsletter,jpt.spe.org
658,Norway,Country,PSD Newsletter,www.gov.pl
659,Norway,Country,PSD Newsletter,www.ft.com
660,Norway,Country,PSD Newsletter,www.france24.com
661,Norway,Country,PSD Newsletter,www.reuters.com
662,Norway,Country,PSD Newsletter,www.maritime-executive.com
663,Norway,Country,PSD Newsletter,e24.no
664,Norway,Country,PSD Newsletter,www.dn.no
665,Norway,Country,PSD Newsletter,www.bloomberg.com
666,Norway,Country,PSD Newsletter,www.cnbc.com
667,Norway,Country,PSD Newsletter,carbonengineering.com
668,Norway,Country,PSD Newsletter,ec.europa.eu
669,Norway,Country,PSD Newsletter,www.regeringen.se
670,Norway,Country,PSD Newsletter,www.renewablesnow.com
671,Norway,Country,PSD Newsletter,www.miningweekly.com
672,Norway,Country,PSD Newsletter,www.nasdaq.com
673,Norway,Country,PSD Newsletter,www.premier.be
674,Norway,Country,PSD Newsletter,www.businesstimes.com.sg
675,Norway,Country,PSD Newsletter,www.worldoil.com
676,Norway,Country,PSD Newsletter,borneobulletin.com.bn
677,Poland,Country,PSD Newsletter,www.gov.pl
678,Poland,Country,PSD Newsletter,www.gkpge.pl
679,Poland,Country,PSD Newsletter,renewablesnow.com
680,Poland,Country,PSD Newsletter,ec.europa.eu
681,Poland,Country,PSD Newsletter,www.forbes.com
682,Poland,Country,PSD Newsletter,www.eib.org
683,Poland,Country,PSD Newsletter,www.wnp.pl
684,Poland,Country,PSD Newsletter,www.euractiv.com
685,Poland,Country,PSD Newsletter,www.ebrd.com
686,Poland,Country,PSD Newsletter,zielona-energia.cire.pl
687,Poland,Country,PSD Newsletter,pgnig.pl
688,Poland,Country,PSD Newsletter,www.pv-magazine.com
689,Poland,Country,PSD Newsletter,www.reuters.com
690,Poland,Country,PSD Newsletter,nfosigw.gov.pl
691,Poland,Country,PSD Newsletter,next.gazeta.pl
692,Poland,Country,PSD Newsletter,_European_Union:_
693,Poland,Country,PSD Newsletter,enmin.lrv.lt
694,Poland,Country,PSD Newsletter,biznesalert.pl
695,Poland,Country,PSD Newsletter,www.vestas.com
696,Poland,Country,PSD Newsletter,www.world-nuclear-news.org
697,Poland,Country,PSD Newsletter,www.cire.pl
698,Poland,Country,PSD Newsletter,www.iberdrola.com
699,Poland,Country,PSD Newsletter,www.bloomberg.com
700,Poland,Country,PSD Newsletter,media.enea.pl
701,Poland,Country,PSD Newsletter,www.polandatsea.com
702,Portugal,Country,PSD Newsletter,cnnportugal.iol.pt
703,Portugal,Country,PSD Newsletter,_European_Union:_
704,Portugal,Country,PSD Newsletter,www.portugal.gov.pt
705,Portugal,Country,PSD Newsletter,renewablesnow.com
706,Portugal,Country,PSD Newsletter,www.lusa.pt
707,Portugal,Country,PSD Newsletter,www.powerengineeringint.com
708,Portugal,Country,PSD Newsletter,www.reuters.com
709,Portugal,Country,PSD Newsletter,www.edp.com
710,Portugal,Country,PSD Newsletter,www.voltalia.com
711,Portugal,Country,PSD Newsletter,www.cmjornal.pt
712,Portugal,Country,PSD Newsletter,www.dgeg.gov.pt
713,Portugal,Country,PSD Newsletter,ec.europa.eu
714,Portugal,Country,PSD Newsletter,www.climatechangenews.com
715,Portugal,Country,PSD Newsletter,www.euractiv.com
716,Portugal,Country,PSD Newsletter,www.iapmei.pt
717,Portugal,Country,PSD Newsletter,www.theportugalnews.com
718,Portugal,Country,PSD Newsletter,www.macaubusiness.com
719,Portugal,Country,PSD Newsletter,www.iberdrola.com
720,Portugal,Country,PSD Newsletter,www.edpr.com
721,Portugal,Country,PSD Newsletter,www.euronews.com
722,Portugal,Country,PSD Newsletter,observador.pt
723,Portugal,Country,PSD Newsletter,algarvedailynews.com
724,Portugal,Country,PSD Newsletter,www.milenio.com
725,Portugal,Country,PSD Newsletter,europe.autonews.com
726,Portugal,Country,PSD Newsletter,www.eleconomista.es
727,Portugal,Country,PSD Newsletter,www.bp.com
728,Portugal,Country,PSD Newsletter,dre.pt
729,Portugal,Country,PSD Newsletter,expresso.pt
730,Portugal,Country,PSD Newsletter,www.lightsourcebp.com
731,Portugal,Country,PSD Newsletter,www.pv-magazine.com
732,Portugal,Country,PSD Newsletter,www.repsol.com
733,Portugal,Country,PSD Newsletter,www.power-technology.com
734,Portugal,Country,PSD Newsletter,remonews.com
735,Portugal,Country,PSD Newsletter,www.endesa.com
736,Slovakia,Country,PSD Newsletter,www.euractiv.com
737,Slovakia,Country,PSD Newsletter,ec.europa.eu
738,Slovakia,Country,PSD Newsletter,viewer.factiva.com
739,Slovakia,Country,PSD Newsletter,spectator.sme.sk
740,Slovakia,Country,PSD Newsletter,www.energia.sk
741,Slovakia,Country,PSD Newsletter,www.reuters.com
742,Slovakia,Country,PSD Newsletter,www.energy-storage.news
743,Slovakia,Country,PSD Newsletter,www.vlada.gov.sk
744,Slovakia,Country,PSD Newsletter,www.iaea.org
745,Slovakia,Country,PSD Newsletter,www.orlen.pl
746,Slovakia,Country,PSD Newsletter,abouthungary.hu
747,Slovakia,Country,PSD Newsletter,bankwatch.org
748,Slovakia,Country,PSD Newsletter,_European_Union:_
749,Slovakia,Country,PSD Newsletter,www.tasr.sk
750,Slovakia,Country,PSD Newsletter,www.world-nuclear-news.org
751,Slovakia,Country,PSD Newsletter,menafn.com
752,Spain,Country,PSD Newsletter,www.euractiv.com
753,Spain,Country,PSD Newsletter,www.eib.org
754,Spain,Country,PSD Newsletter,www.miteco.gob.es
755,Spain,Country,PSD Newsletter,ec.europa.eu
756,Spain,Country,PSD Newsletter,www.ree.es
757,Spain,Country,PSD Newsletter,www.lamoncloa.gob.es
758,Spain,Country,PSD Newsletter,euobserver.com
759,Spain,Country,PSD Newsletter,_European_Union:_
760,Spain,Country,PSD Newsletter,www.mitma.gob.es
761,Spain,Country,PSD Newsletter,www.elconfidencial.com
762,Spain,Country,PSD Newsletter,elpais.com
763,Spain,Country,PSD Newsletter,www.bp.com
764,Spain,Country,PSD Newsletter,www.hacienda.gob.es
765,Spain,Country,PSD Newsletter,renewablesnow.com
766,Spain,Country,PSD Newsletter,www.tresor.economie.gouv.fr
767,Spain,Country,PSD Newsletter,www.iberdrola.com
768,Spain,Country,PSD Newsletter,www.group.sener
769,Spain,Country,PSD Newsletter,www.reuters.com
770,Spain,Country,PSD Newsletter,www.ft.com
771,Spain,Country,PSD Newsletter,ieaorg.sharepoint.com
772,Spain,Country,PSD Newsletter,energia.gob.es
773,Spain,Country,PSD Newsletter,www.businessinsider.es
774,Spain,Country,PSD Newsletter,www.nytimes.com
775,Spain,Country,PSD Newsletter,www.euronews.com
776,Spain,Country,PSD Newsletter,portal.mineco.gob.es
777,Spain,Country,PSD Newsletter,www.bonosocial.gob.es
778,Spain,Country,PSD Newsletter,x-elio.com
779,Spain,Country,PSD Newsletter,elperiodicodelaenergia.com
780,Spain,Country,PSD Newsletter,biofuels-news.com
781,Spain,Country,PSD Newsletter,www.msn.com
782,Spain,Country,PSD Newsletter,cincodias.elpais.com
783,Spain,Country,PSD Newsletter,www.energias-renovables.com
784,Spain,Country,PSD Newsletter,www.eni.com
785,Spain,Country,PSD Newsletter,english.motie.go.kr
786,Sweden,Country,PSD Newsletter,www.regeringen.se
787,Sweden,Country,PSD Newsletter,news.cision.com
788,Sweden,Country,PSD Newsletter,www.reuters.com
789,Sweden,Country,PSD Newsletter,www.pm-review.com
790,Sweden,Country,PSD Newsletter,ec.europa.eu
791,Sweden,Country,PSD Newsletter,www.energimyndigheten.se
792,Sweden,Country,PSD Newsletter,www.svt.se
793,Sweden,Country,PSD Newsletter,www.euractiv.com
794,Sweden,Country,PSD Newsletter,tem.fi
795,Sweden,Country,PSD Newsletter,www.vti.se
796,Sweden,Country,PSD Newsletter,www.tresor.economie.gouv.fr
797,Sweden,Country,PSD Newsletter,renews.biz
798,Sweden,Country,PSD Newsletter,www.government.se
799,Sweden,Country,PSD Newsletter,www.consilium.europa.eu
800,Sweden,Country,PSD Newsletter,www.dn.no
801,Sweden,Country,PSD Newsletter,www.power-eng.com
802,Sweden,Country,PSD Newsletter,www.politico.eu
803,Switzerland,Country,PSD Newsletter,www.admin.ch
804,Switzerland,Country,PSD Newsletter,www.bfe.admin.ch
805,Switzerland,Country,PSD Newsletter,www.bafu.admin.ch
806,Switzerland,Country,PSD Newsletter,www.bloomberg.com
807,Switzerland,Country,PSD Newsletter,nagra.ch
808,Switzerland,Country,PSD Newsletter,www.bav.admin.ch
809,Switzerland,Country,PSD Newsletter,www.pv-magazine-australia.com
810,Switzerland,Country,PSD Newsletter,www.reuters.com
811,Switzerland,Country,PSD Newsletter,www.swissinfo.ch
812,Switzerland,Country,PSD Newsletter,lenews.ch
813,Switzerland,Country,PSD Newsletter,geothermie-schweiz.ch
814,Switzerland,Country,PSD Newsletter,www.seco.admin.ch
815,Switzerland,Country,PSD Newsletter,www.energieschweiz.ch
816,Switzerland,Country,PSD Newsletter,chrome-extension
817,Switzerland,Country,PSD Newsletter,www.thetimes.co.uk
818,Switzerland,Country,PSD Newsletter,www.ft.com
819,Türkiye,Country,PSD Newsletter,www.sanayi.gov.tr
820,Türkiye,Country,PSD Newsletter,enerji.gov.tr
821,Türkiye,Country,PSD Newsletter,english.alarabiya.net
822,Türkiye,Country,PSD Newsletter,www.hurriyetdailynews.com
823,Türkiye,Country,PSD Newsletter,www.dailysabah.com
824,Türkiye,Country,PSD Newsletter,www.reuters.com
825,Türkiye,Country,PSD Newsletter,www.azernews.az
826,Türkiye,Country,PSD Newsletter,www.hurriyet.com.tr
827,Türkiye,Country,PSD Newsletter,www.trtworld.com
828,Türkiye,Country,PSD Newsletter,www.al-monitor.com
829,Türkiye,Country,PSD Newsletter,www.bbc.com
830,Türkiye,Country,PSD Newsletter,www.themoscowtimes.com
831,Türkiye,Country,PSD Newsletter,www.ge.com
832,Türkiye,Country,PSD Newsletter,www.dw.com
833,Türkiye,Country,PSD Newsletter,www.argusmedia.com
834,Türkiye,Country,PSD Newsletter,www.iea.org
835,Türkiye,Country,PSD Newsletter,www.aa.com.tr
836,Türkiye,Country,PSD Newsletter,www.csb.gov.tr
837,Türkiye,Country,PSD Newsletter,www.mondaq.com
838,Türkiye,Country,PSD Newsletter,viewer.factiva.com
839,Türkiye,Country,PSD Newsletter,apnews.com
840,United Kingdom,Country,PSD Newsletter,www.gov.uk
841,United Kingdom,Country,PSD Newsletter,www.ft.com
842,United Kingdom,Country,PSD Newsletter,frc-word-edit.officeapps.live.com
843,United Kingdom,Country,PSD Newsletter,www.ofgem.gov.uk
844,United Kingdom,Country,PSD Newsletter,www.reuters.com
845,United Kingdom,Country,PSD Newsletter,www.esi-africa.com
846,United Kingdom,Country,PSD Newsletter,www.oxfordenergy.org
847,United Kingdom,Country,PSD Newsletter,www.jaguarlandrover.com
848,United Kingdom,Country,PSD Newsletter,www.un.org
849,United Kingdom,Country,PSD Newsletter,www.bloomberg.com
850,United Kingdom,Country,PSD Newsletter,www.standard.co.uk
851,United Kingdom,Country,PSD Newsletter,www.theguardian.com
852,United Kingdom,Country,PSD Newsletter,www.cnbc.com
853,United Kingdom,Country,PSD Newsletter,www.bbc.com
854,United Kingdom,Country,PSD Newsletter,questions-statements.parliament.uk
855,United Kingdom,Country,PSD Newsletter,assets.publishing.service.gov.uk
856,United Kingdom,Country,PSD Newsletter,www.nationalgrid.com
857,United Kingdom,Country,PSD Newsletter,viewer.factiva.com
858,United Kingdom,Country,PSD Newsletter,on.ft.com
859,United States,Country,PSD Newsletter,www.energy.gov
860,United States,Country,PSD Newsletter,www.reuters.com
861,United States,Country,PSD Newsletter,www.nytimes.com
862,United States,Country,PSD Newsletter,on.ft.com
863,United States,Country,PSD Newsletter,enmin.lrv.lt
864,United States,Country,PSD Newsletter,www.eenews.net
865,United States,Country,PSD Newsletter,renewablesnow.com
866,United States,Country,PSD Newsletter,www.ft.com
867,United States,Country,PSD Newsletter,www.documentcloud.org
868,United States,Country,PSD Newsletter,www.gov.il
869,United States,Country,PSD Newsletter,www.state.gov
870,United States,Country,PSD Newsletter,www.whitehouse.gov
871,United States,Country,PSD Newsletter,www.npr.org
872,United States,Country,PSD Newsletter,energycommerce.house.gov
873,United States,Country,PSD Newsletter,www.bloomberg.com
874,United States,Country,PSD Newsletter,docs.house.gov
875,United States,Country,PSD Newsletter,www.eia.gov
876,United States,Country,PSD Newsletter,www.wsj.com
877,United States,Country,PSD Newsletter,www.nbcnews.com
878,United States,Country,PSD Newsletter,www.doi.gov
879,United States,Country,PSD Newsletter,www.txoga.org
880,United States,Country,PSD Newsletter,www.rd.usda.gov
881,United States,Country,PSD Newsletter,www.congress.gov
882,United States,Country,PSD Newsletter,
883,United States,Country,PSD Newsletter,www.boem.gov
884,United States,Country,PSD Newsletter,ec.europa.eu
885,United States,Country,PSD Newsletter,www.ecologie.gouv.fr
886,United States,Country,PSD Newsletter,www.sec.gov
887,United States,Country,PSD Newsletter,www.ercot.com
888,United States,Country,PSD Newsletter,www.politico.com
889,United States,Country,PSD Newsletter,www.epa.gov
890,United States,Country,PSD Newsletter,www.argusmedia.com
891,United States,Country,PSD Newsletter,www.skadden.com
892,United States,Country,PSD Newsletter,www.washingtonpost.com
893,United States,Country,PSD Newsletter,www.canada.ca
894,United States,Country,PSD Newsletter,www.iea.org
895,United States,Country,PSD Newsletter,www.xinhuanet.com
896,United States,Country,PSD Newsletter,www.democrats.senate.gov
897,United States,Country,PSD Newsletter,edition.cnn.com
898,United States,Country,PSD Newsletter,www.euractiv.com
